{"cameraMode":{"drawMode":0,"name":"Shaded","section":"Shading Mode"},"sceneLighting":true,"audioPlay":false,"sceneViewState":{"m_AlwaysRefresh":false,"showFog":true,"showSkybox":true,"showFlares":true,"showImageEffects":true,"showParticleSystems":true,"showVisualEffectGraphs":true,"m_FxEnabled":true},"in2DMode":false,"pivot":{"x":1.6996121406555176,"y":0.2944045066833496,"z":8.664642333984375},"rotation":{"x":0.02998889796435833,"y":-0.02098897285759449,"z":0.0006298520020209253,"w":0.9993292093276978},"size":13.052993774414063,"orthographic":false}