{"cameraMode":{"drawMode":0,"name":"Shaded","section":"Shading Mode"},"sceneLighting":true,"audioPlay":false,"sceneViewState":{"m_AlwaysRefresh":false,"showFog":true,"showSkybox":true,"showFlares":true,"showImageEffects":true,"showParticleSystems":true,"showVisualEffectGraphs":true,"m_FxEnabled":true},"in2DMode":false,"pivot":{"x":-0.7776834964752197,"y":-0.7403161525726318,"z":7.7984466552734379},"rotation":{"x":0.029839608818292619,"y":-0.10177735239267349,"z":0.0030542323365807535,"w":0.9943545460700989},"size":9.734119415283204,"orthographic":false}