{"cameraMode":{"drawMode":0,"name":"Shaded","section":"Shading Mode"},"sceneLighting":true,"audioPlay":false,"sceneViewState":{"m_AlwaysRefresh":false,"showFog":true,"showSkybox":true,"showFlares":true,"showImageEffects":true,"showParticleSystems":true,"showVisualEffectGraphs":true,"m_FxEnabled":true},"in2DMode":false,"pivot":{"x":0.9817894697189331,"y":-4.2167158126831059,"z":30.066452026367189},"rotation":{"x":0.07790832966566086,"y":0.01794435828924179,"z":-0.0014025067212060094,"w":0.9967982769012451},"size":24.68826675415039,"orthographic":false}